{
  "Stage I": [
    [
      0.0,
      1.0
    ],
    [
      5.0,
      0.985
    ],
    [
      10.0,
      0.97
    ],
    [
      15.0,
      0.9542499999999999
    ],
    [
      20.0,
      0.94
    ],
    [
      25.0,
      0.9303333333333333
    ],
    [
      30.0,
      0.92
    ],
    [
      35.0,
      0.900952380952381
    ],
    [
      40.0,
      0.88
    ],
    [
      45.0,
      0.8637142857142858
    ],
    [
      50.0,
      0.85
    ],
    [
      55.0,
      0.8386666666666666
    ],
    [
      60.0,
      0.83
    ],
    [
      65.0,
      0.8249999999999998
    ],
    [
      70.0,
      0.82
    ],
    [
      75.0,
      0.8113333333333332
    ],
    [
      80.0,
      0.8
    ],
    [
      85.0,
      0.7862857142857143
    ],
    [
      90.0,
      0.77
    ],
    [
      95.0,
      0.7513392857142858
    ],
    [
      100.0,
      0.7299999999999999
    ]
  ],
  "Stage II": [
    [
      0.0,
      1.0
    ],
    [
      5.0,
      0.9783173076923076
    ],
    [
      10.0,
      0.95
    ],
    [
      15.0,
      0.9108791208791208
    ],
    [
      20.0,
      0.87
    ],
    [
      25.0,
      0.8382467532467534
    ],
    [
      30.0,
      0.81
    ],
    [
      35.0,
      0.7837373737373737
    ],
    [
      40.0,
      0.76
    ],
    [
      45.0,
      0.7394444444444445
    ],
    [
      50.0,
      0.72
    ],
    [
      55.0,
      0.7005555555555556
    ],
    [
      60.0,
      0.68
    ],
    [
      65.0,
      0.6556944444444445
    ],
    [
      70.0,
      0.63
    ],
    [
      75.0,
      0.6043055555555555
    ],
    [
      80.0,
      0.58
    ],
    [
      85.0,
      0.5587301587301586
    ],
    [
      90.0,
      0.54
    ],
    [
      95.0,
      0.5238392857142857
    ],
    [
      100.0,
      0.51
    ]
  ],
  "Stage III": [
    [
      0.0,
      1.0
    ],
    [
      5.0,
      0.9740489130434783
    ],
    [
      10.0,
      0.93
    ],
    [
      15.0,
      0.8571809256661992
    ],
    [
      20.0,
      0.77
    ],
    [
      25.0,
      0.6897076612903226
    ],
    [
      30.0,
      0.62
    ],
    [
      35.0,
      0.5699375
    ],
    [
      40.0,
      0.53
    ],
    [
      45.0,
      0.49781818181818177
    ],
    [
      50.0,
      0.47
    ],
    [
      55.0,
      0.44286931818181813
    ],
    [
      60.0,
      0.42
    ],
    [
      65.0,
      0.4045982142857143
    ],
    [
      70.0,
      0.39
    ],
    [
      75.0,
      0.3707142857142857
    ],
    [
      80.0,
      0.35
    ],
    [
      85.0,
      0.32928571428571424
    ],
    [
      90.0,
      0.31
    ],
    [
      95.0,
      0.29383928571428575
    ],
    [
      100.0,
      0.28
    ]
  ],
  "Stage IV": [
    [
      0.0,
      1.0
    ],
    [
      5.0,
      0.9388888888888888
    ],
    [
      10.0,
      0.86
    ],
    [
      15.0,
      0.7548015873015874
    ],
    [
      20.0,
      0.64
    ],
    [
      25.0,
      0.5280952380952381
    ],
    [
      30.0,
      0.44
    ],
    [
      35.0,
      0.3942857142857143
    ],
    [
      40.0,
      0.36
    ],
    [
      45.0,
      0.32642857142857146
    ],
    [
      50.0,
      0.3
    ],
    [
      55.0,
      0.28375
    ],
    [
      60.0,
      0.27
    ],
    [
      65.0,
      0.253125
    ],
    [
      70.0,
      0.24
    ],
    [
      75.0,
      0.23479166666666668
    ],
    [
      80.0,
      0.23
    ],
    [
      85.0,
      0.22083333333333333
    ],
    [
      90.0,
      0.21
    ],
    [
      95.0,
      0.19999999999999998
    ],
    [
      100.0,
      0.19
    ]
  ]
}
