{
  "Group 1": [
    [
      0.0,
      1.0
    ],
    [
      0.875,
      0.9818340223804728
    ],
    [
      1.75,
      0.962040110846635
    ],
    [
      2.625,
      0.9391983978294445
    ],
    [
      3.5,
      0.8993295756489215
    ],
    [
      4.375,
      0.8715745765233744
    ],
    [
      5.25,
      0.8569636837599817
    ],
    [
      6.125,
      0.835954607526503
    ],
    [
      7.0,
      0.81
    ],
    [
      7.875,
      0.7877828443851962
    ],
    [
      8.75,
      0.7686847774301455
    ],
    [
      9.625,
      0.7508210271603095
    ],
    [
      10.5,
      0.7127271974323587
    ],
    [
      11.375,
      0.6638778459425939
    ],
    [
      12.25,
      0.6417462918902501
    ],
    [
      13.125,
      0.6006874190141386
    ],
    [
      14.0,
      0.53
    ],
    [
      14.875,
      0.42263028607452097
    ],
    [
      15.75,
      0.34295421940606746
    ],
    [
      16.625,
      0.3145605768462397
    ],
    [
      17.5,
      0.29422448427098646
    ],
    [
      18.375,
      0.2762853382972077
    ],
    [
      19.25,
      0.2586415503364353
    ],
    [
      20.125,
      0.23577460115116325
    ],
    [
      21.0,
      0.19347250419315265
    ],
    [
      21.875,
      0.1725834452076589
    ],
    [
      22.75,
      0.16322643519467023
    ],
    [
      23.625,
      0.1486559585979461
    ],
    [
      24.5,
      0.13781386251855807
    ],
    [
      25.375,
      0.1337992632194121
    ],
    [
      26.25,
      0.12702818997823986
    ],
    [
      27.125,
      0.1058290156174444
    ],
    [
      28.0,
      0.07579303675048356
    ],
    [
      28.875,
      0.04736753600247825
    ],
    [
      29.75,
      0.030999795998549323
    ],
    [
      30.625,
      0.03
    ],
    [
      31.5,
      0.03
    ],
    [
      32.375,
      0.03
    ],
    [
      33.25,
      0.03
    ],
    [
      34.125,
      0.03
    ],
    [
      35.0,
      0.03
    ]
  ],
  "Group 2": [
    [
      0.0,
      1.0
    ],
    [
      1.3793103448275863,
      0.9703875814783602
    ],
    [
      2.7586206896551726,
      0.9448685265351434
    ],
    [
      4.137931034482759,
      0.8764435600005294
    ],
    [
      5.517241379310345,
      0.8518134077024027
    ],
    [
      6.8965517241379315,
      0.8126347574750524
    ],
    [
      8.275862068965518,
      0.7827952743721881
    ],
    [
      9.655172413793103,
      0.7501706486493771
    ],
    [
      11.03448275862069,
      0.6926304289741416
    ],
    [
      12.413793103448278,
      0.6639964332439178
    ],
    [
      13.793103448275863,
      0.5999517034251307
    ],
    [
      15.172413793103448,
      0.5453599560302039
    ],
    [
      16.551724137931036,
      0.4940771225240589
    ],
    [
      17.931034482758623,
      0.4602964541940273
    ],
    [
      19.310344827586206,
      0.4217796886898546
    ],
    [
      20.689655172413794,
      0.3818065465366038
    ],
    [
      22.06896551724138,
      0.3496170324276782
    ],
    [
      23.448275862068968,
      0.3198529074768441
    ],
    [
      24.827586206896555,
      0.2937661820597891
    ],
    [
      26.20689655172414,
      0.2777386160743785
    ],
    [
      27.586206896551726,
      0.26405936967248134
    ],
    [
      28.965517241379313,
      0.24793390462913603
    ],
    [
      30.344827586206897,
      0.24
    ],
    [
      31.724137931034484,
      0.24
    ],
    [
      33.10344827586207,
      0.2205464212008145
    ],
    [
      34.48275862068966,
      0.19397431166425383
    ],
    [
      35.862068965517246,
      0.18098190546179388
    ],
    [
      37.24137931034483,
      0.1732531809520163
    ],
    [
      38.62068965517241,
      0.167624344279224
    ],
    [
      40.0,
      0.16
    ],
    [
      41.37931034482759,
      0.1426849017575758
    ],
    [
      42.758620689655174,
      0.11796205468547856
    ],
    [
      44.13793103448276,
      0.09670080208573392
    ],
    [
      45.51724137931035,
      0.0883692882622728
    ],
    [
      46.896551724137936,
      0.08536606081195855
    ],
    [
      48.27586206896552,
      0.08328690334635637
    ],
    [
      49.65517241379311,
      0.08082724647528451
    ],
    [
      51.03448275862069,
      0.07666617854653444
    ],
    [
      52.41379310344828,
      0.07056131862724997
    ],
    [
      53.793103448275865,
      0.06334307621117247
    ],
    [
      55.17241379310345,
      0.05586616917462788
    ],
    [
      56.55172413793104,
      0.048985315393942214
    ],
    [
      57.931034482758626,
      0.04355523274544143
    ],
    [
      59.31034482758621,
      0.040430639105451506
    ],
    [
      60.689655172413794,
      0.04
    ],
    [
      62.06896551724138,
      0.04
    ],
    [
      63.44827586206897,
      0.04
    ],
    [
      64.82758620689656,
      0.04
    ],
    [
      66.20689655172414,
      0.04
    ],
    [
      67.58620689655173,
      0.04
    ],
    [
      68.96551724137932,
      0.04
    ],
    [
      70.3448275862069,
      0.04
    ],
    [
      71.72413793103449,
      0.04
    ],
    [
      73.10344827586208,
      0.04
    ],
    [
      74.48275862068967,
      0.04
    ],
    [
      75.86206896551725,
      0.04
    ],
    [
      77.24137931034483,
      0.04
    ],
    [
      78.62068965517241,
      0.04
    ],
    [
      80.0,
      0.04
    ]
  ]
}
