{
  "data": {
    "Treatment 1": [
      [
        0.0,
        1.0
      ],
      [
        3.423076923076923,
        0.8007907714475939
      ],
      [
        6.846153846153846,
        0.7000179338193017
      ],
      [
        10.269230769230768,
        0.6182517873227962
      ],
      [
        13.692307692307692,
        0.5290937061941825
      ],
      [
        17.115384615384613,
        0.4442813826492747
      ],
      [
        20.538461538461537,
        0.3820899485447629
      ],
      [
        23.96153846153846,
        0.32940791647415557
      ],
      [
        27.384615384615383,
        0.31
      ],
      [
        30.807692307692307,
        0.31
      ],
      [
        34.230769230769226,
        0.31
      ],
      [
        37.65384615384615,
        0.31
      ],
      [
        41.07692307692307,
        0.31
      ],
      [
        44.5,
        0.31
      ],
      [
        47.92307692307692,
        0.31
      ],
      [
        51.34615384615385,
        0.31
      ],
      [
        54.76923076923077,
        0.31
      ],
      [
        58.192307692307686,
        0.31
      ],
      [
        61.61538461538461,
        0.31
      ],
      [
        65.03846153846153,
        0.31
      ],
      [
        68.46153846153845,
        0.31
      ],
      [
        71.88461538461539,
        0.31
      ],
      [
        75.3076923076923,
        0.31
      ],
      [
        78.73076923076923,
        0.31
      ],
      [
        82.15384615384615,
        0.31
      ],
      [
        85.57692307692307,
        0.31
      ],
      [
        89.0,
        0.31
      ]
    ],
    "Treatment 2": [
      [
        0.0,
        1.0
      ],
      [
        2.25,
        0.8590554056039287
      ],
      [
        4.5,
        0.784309139399177
      ],
      [
        6.75,
        0.708658940238385
      ],
      [
        9.0,
        0.6419984831722315
      ],
      [
        11.25,
        0.5800672172260705
      ],
      [
        13.5,
        0.50614111950668
      ],
      [
        15.75,
        0.441841607872182
      ],
      [
        18.0,
        0.3714086282354702
      ],
      [
        20.25,
        0.30444393288315935
      ],
      [
        22.5,
        0.24886737076705776
      ],
      [
        24.75,
        0.20452022514177828
      ],
      [
        27.0,
        0.1660923833053309
      ],
      [
        29.25,
        0.1319733283319843
      ],
      [
        31.5,
        0.10118474540680529
      ],
      [
        33.75,
        0.07362387222869327
      ],
      [
        36.0,
        0.0507367776834541
      ],
      [
        38.25,
        0.03486953717779138
      ],
      [
        40.5,
        0.03
      ],
      [
        42.75,
        0.03
      ],
      [
        45.0,
        0.03
      ],
      [
        47.25,
        0.03
      ],
      [
        49.5,
        0.03
      ],
      [
        51.75,
        0.03
      ],
      [
        54.0,
        0.03
      ],
      [
        56.25,
        0.03
      ],
      [
        58.5,
        0.03
      ],
      [
        60.75,
        0.03
      ],
      [
        63.0,
        0.03
      ]
    ],
    "Treatment 3": [
      [
        0.0,
        1.0
      ],
      [
        1.6578947368421053,
        1.0
      ],
      [
        3.3157894736842106,
        1.0
      ],
      [
        4.973684210526316,
        1.0
      ],
      [
        6.631578947368421,
        1.0
      ],
      [
        8.289473684210527,
        1.0
      ],
      [
        9.947368421052632,
        1.0
      ],
      [
        11.605263157894736,
        1.0
      ],
      [
        13.263157894736842,
        1.0
      ],
      [
        14.921052631578949,
        1.0
      ],
      [
        16.578947368421055,
        1.0
      ],
      [
        18.236842105263158,
        0.9799871740289203
      ],
      [
        19.894736842105264,
        0.9148815032473783
      ],
      [
        21.55263157894737,
        0.8675589353016356
      ],
      [
        23.210526315789473,
        0.812030591456061
      ],
      [
        24.86842105263158,
        0.7684179299810345
      ],
      [
        26.526315789473685,
        0.7229200171812321
      ],
      [
        28.18421052631579,
        0.670749965333497
      ],
      [
        29.842105263157897,
        0.636939246649916
      ],
      [
        31.5,
        0.5708822996696113
      ],
      [
        33.15789473684211,
        0.5255708302903369
      ],
      [
        34.81578947368421,
        0.4827605612373491
      ],
      [
        36.473684210526315,
        0.43453152992329197
      ],
      [
        38.131578947368425,
        0.3776161030935479
      ],
      [
        39.78947368421053,
        0.33998310106689056
      ],
      [
        41.44736842105263,
        0.2984821726776959
      ],
      [
        43.10526315789474,
        0.24713116653860806
      ],
      [
        44.76315789473684,
        0.20545521141238524
      ],
      [
        46.421052631578945,
        0.16886862607158099
      ],
      [
        48.078947368421055,
        0.138606404886111
      ],
      [
        49.73684210526316,
        0.11386706259195381
      ],
      [
        51.39473684210527,
        0.09071079372296997
      ],
      [
        53.05263157894737,
        0.057699516291901724
      ],
      [
        54.71052631578947,
        0.03
      ],
      [
        56.36842105263158,
        0.03
      ],
      [
        58.026315789473685,
        0.03
      ],
      [
        59.684210526315795,
        0.03
      ],
      [
        61.3421052631579,
        0.03
      ],
      [
        63.0,
        0.03
      ]
    ]
  },
  "feedback": "The reconstruction (Image 2) accurately represents the data from the original Kaplan-Meier survival curves (Image 1)."
}
